metric,mean,std
best_val_loss,0.03050408024236345,0.00900624048240177
best_val_acc,0.9928000762676051,0.0007839885577064393
best_val_precision,0.9906596660614013,0.0017459993525330095
best_val_recall,0.9914932370185852,0.0025762174701626493
best_val_f1,0.9908354759216309,0.0017936584332312558
epochs_trained,29.4,3.5071355833500366
